freq,normalized_spread,normalized_stddev,raw_spread,raw_stddev,normalized_mean
20.144928000000004,10.765973861914723,3.895401264254323,9.899999999999999,3.639230687933921,-33.02267610440205
20.418603470853316,6.275822249267215,2.342836926406792,5.700000000000003,2.220039651797987,-32.58889961626076
20.69599691296704,6.055832854832914,2.379312284620773,6.290213782703319,2.637092099949795,-33.06009178599712
20.97715883620325,10.11602153455263,3.3733021436345356,10.981995396467354,3.702930126140198,-33.57414399867742
21.26214043661715,8.320721879145367,2.7623618208591405,9.186695741060092,3.0305527882812013,-33.06099380570901
21.55099360577916,6.999299774089778,2.3430021887534296,6.678862975469201,2.3595772683006997,-32.46201085119464
21.84377094022377,9.219067394828002,3.1217115593346962,8.898630596207425,2.939115096959234,-32.910660645633804
22.14052575102665,12.13550821585526,4.282888228881738,11.81507141723468,4.073120015631521,-34.38486997385539
22.441312073512,13.13511621712135,4.721295138224853,12.814679418500777,4.5340298247879085,-35.77821040690076
22.746184677091662,10.400108652759123,3.749640412659437,9.64206992925881,3.5516928394234024,-35.85148199318174
23.055199075237912,8.057451468470255,3.083712539847244,7.173386981558799,2.752680823834073,-35.094692198869694
23.368411535591836,8.02761437065741,3.5155942273284793,7.1616405087426855,3.1343514767700613,-34.96729440465184
23.68587909020893,12.733875619205882,4.398091692491803,11.867901757291158,4.059213773591341,-35.550385422851
24.00765954594387,12.534072271252334,4.172604004621163,11.668098409337613,3.899561860829068,-36.269056422534526
24.333811494976516,10.183782442184189,3.8030928737848027,9.317808580269464,3.66529997653805,-36.8056897019266
24.664394325480725,10.887614426934867,4.089586266255946,10.653233499064463,4.020553409893663,-36.72936772963594
24.999468232438247,12.11870167661587,4.6064532442516954,12.43913847523645,4.54649396221222,-35.71116843606584
25.339094228599418,8.500729635931464,3.234097240797789,8.303729473583964,3.262771919449284,-34.178374305328006
25.683334155592874,6.586438541621703,2.272707021287467,6.352057613751299,2.3713278640407234,-33.40189421158103
26.032250695186125,5.830859200354851,2.109836221926649,5.912326046304443,2.115659353888826,-33.60655000466916
26.385907380699052,7.028959616393053,2.8493634893689213,6.909004207333396,2.708162824870948,-34.927488705704576
26.74436860857263,8.03857859984246,2.8735607046652585,7.172604737927735,2.534248231298384,-36.79363837690881
27.10769965009463,8.246613319385872,3.5841295938449553,7.573001791167506,3.3027346676653826,-38.80267610440205
27.47596666328476,8.932378237687907,3.3276800318257425,8.603131477267432,3.1959596723374166,-38.25144424075086
27.84923670494112,7.982081187974799,3.272667516025502,7.350488253930479,3.0863076318447664,-36.405964261283465
28.227577742850524,12.69245361044812,4.429928011853856,12.060860676403799,4.255878414131023,-36.72150184019084
28.611058668164503,13.949598219524859,5.106158869401097,13.318005285480542,4.968188859722016,-38.29907504730594
28.999749307943492,8.966570018760642,3.3007022922992344,8.10059615684592,3.212852006521554,-37.71359772039862
29.39372043787156,2.2839546727040343,1.0083359659463766,3.3945203385311515,1.2185880648427017,-35.69938856230784
29.793043795143685,4.840709118236752,1.8454913396025578,5.143055291860598,1.9538637656520763,-34.76291112685286
30.197792091528246,7.173461814616303,2.946947671338786,6.853025015995726,2.7709340770671598,-35.38654741542636
30.608039026606868,8.741205782707787,3.590297478082507,7.9710362365860945,3.317075832107188,-36.67555317770554
31.02385930119426,6.297370235077452,2.1644516910668012,5.11095957454215,1.7788639744487291,-36.07183482782958
31.445328630940274,7.267930298008423,2.4146673961286913,6.401956436093698,2.108887661066085,-35.3141834307146
31.8725237601167,5.6032400237327025,2.1079249452210216,4.503719251207151,1.7947981269475288,-35.64792014919815
32.30552247559155,7.7653541307817875,2.5303171083217935,7.4630079571579415,2.3823372972069956,-37.14103068304567
32.74440362099301,8.190807010470067,2.712935162540133,7.888460836846221,2.5659838522829848,-36.986866795510835
33.189247111065875,8.325465932412861,2.994557377018387,7.459492070498136,2.646025731907865,-35.225336412754466
33.64013394622299,8.560690997795938,3.312830134141178,7.694717135881213,2.950270401203932,-34.379154194989525
34.097146227294495,8.629574544449511,3.0234065449294047,8.065946856158632,2.8093425895861497,-34.23586547563378
34.560367170477285,7.355100658081064,2.6314705146983077,7.67553745670164,2.683769834231267,-34.57864352646501
35.02988112248763,8.841205297207928,3.417421907863331,9.472798231252249,3.661361033949706,-35.294809142944096
35.505773575919704,10.378972883572928,3.8526321818514146,10.902739881331136,4.052067433080788,-34.92678592639876
35.98813118481267,9.840814743384861,3.3824318173161774,10.472407677429182,3.5691243620906334,-34.21300992377457
36.47704178042934,9.922031027924234,3.9539804347367,10.553623961968558,4.171501351708276,-36.08290718395475
36.97259438724903,5.560584060530381,1.9793061562178416,6.181020859150955,2.222247001741649,-38.16666825163935
37.474879239177966,6.131389230214538,2.2650019683476534,6.090402198936175,2.1637548843786227,-37.46647448406163
37.98398779597964,9.055657864428923,3.3490174082714996,8.726411104008452,3.2977521751694767,-35.50236586551193
38.50001275992844,6.577389042247795,2.6839074039004434,7.00450484531288,2.6164439747209607,-34.042285810574036
39.02304809268972,10.52212356799285,3.6252682659355817,9.656149706078125,3.4979887651305006,-33.913358704779164
39.55318903242892,15.909992550535442,5.727370918795793,15.04401868862072,5.566040003242343,-35.46689646683401
40.09053211115327,14.331730575660174,5.3253894553729095,14.091001063643777,5.092960222917197,-37.089329281734294
40.63517517228905,8.188979067723118,2.9659865629316857,7.954598139852717,2.7321923074682295,-38.31727424425476
41.18721738849767,11.087023424980757,3.5604378268103973,10.852642497110352,3.560602011453668,-38.51351755457543
41.74675927973379,14.946125498702308,5.243662737189874,14.7117445708319,5.149596882951872,-38.28749003690213
42.313902731548616,12.435058759854954,4.124024763918038,11.569084897940229,3.9488526177565593,-38.85163530849837
42.88875101364215,8.30362264807134,3.4340952319606,8.632869408491814,3.406152328941897,-38.358294477288005
43.4714087986672,10.039048336436082,3.6142213882991614,10.368295096856556,3.874524202613549,-34.786624222853206
44.061982181289004,10.515935513088543,3.467156815402294,11.399999999999999,3.7983452132919466,-29.349333831015368
44.66057869750364,10.21026143385729,3.265615350341514,11.094325920768746,3.595462313230675,-23.601822733937006
45.26730734421912,9.662706939363154,3.1054779167880184,10.54677142627461,3.414971008221049,-18.55927323416733
45.8822785991023,8.914956588637565,2.9290147458328075,9.799021075549021,3.218672911183405,-14.599386918246747
46.50560444069539,7.980517476470837,2.6766342555945277,8.864581963382292,2.957583733433113,-11.651255437478342
47.137398368806004,6.94607492771258,2.3377643219555,7.8301394146240355,2.618612194869371,-9.423777239989974
47.7777754251739,6.272490283376499,2.1028014747613515,7.156554770287954,2.371210256087608,-7.780130167949148
48.42685221441876,5.872687032941926,1.9723966838862774,6.756751519853381,2.231759254679662,-6.575278941461695
49.08474692527228,5.581297733148986,1.881398194641876,6.465362220060442,2.1340633451223896,-5.583342316680094
49.75157935209901,5.372882869258859,1.8069138356090717,6.256947356170315,2.061909638058002,-4.650739230444884
50.427470916709325,5.007521013036509,1.6655230047656435,5.891585499947965,1.9331977410646946,-3.653872004100296
51.11254469046877,4.820632829272412,1.5867178180962735,5.704697316183868,1.866406870667244,-2.569920538268417
51.80692541670791,4.551551621303318,1.5094725133183593,5.435616108214774,1.78353364072237,-1.4895244290463523
52.51073953343645,4.346855532150954,1.4422310839519765,5.23092001906241,1.7103745717741206,-0.4220122149640645
53.22411519636608,3.9039975991017855,1.2933541404115625,4.788062086013241,1.5619242528561457,0.7155252203555846
53.94718230224586,3.67307856855453,1.2169741277821735,4.5571430554659855,1.4786812296138687,1.911608340615618
54.68007251251503,3.51593551308855,1.1794304366529964,4.400000000000006,1.4230507618205126,3.043897703895695
55.422919277276655,3.499301687467721,1.1836259128472584,4.3833661743791765,1.4173095771095283,4.0871465539503955
56.17585785959743,3.3159355130885473,1.132673656842195,4.200000000000003,1.3555661365594693,5.0549366615484335
56.93902536013723,3.3159355130885473,1.1508271869207245,4.200000000000003,1.3546970158312999,5.953213389465413
57.712560742113496,3.161336674439312,1.1224873680404708,4.045401161350767,1.3079730348099163,6.681981456761315
58.4966048566047,2.5949955465595593,0.9519417207181071,3.479060033471015,1.1228321756474178,7.6681270527550565
59.291300468197434,1.5605559196264238,0.5990284741995933,2.4446204065378794,0.7840509479660783,9.228083082522208
60.096792280982264,1.064381183483306,0.39521617919715807,1.8620350098594542,0.6129201297244885,11.05419480291894
60.913226964902286,1.0023461736238488,0.3801277431995427,1.7999999999999972,0.5915254499959451,12.561470379187062
61.740753182460104,1.1140873958561457,0.41522898584215173,1.8117412222322997,0.588059994826025,13.568985273419989
62.57952161578724,1.2023461736238517,0.47029216178144534,1.8013699628568816,0.5914746948210706,14.489926096170823
63.42968499408156,1.251492746909875,0.4756695522355307,1.6144811150048497,0.5367541717093459,15.684644759566888
64.2913981214173,1.5383802154878197,0.5241574985544148,1.327593646426891,0.4863840877128746,16.855205829180353
65.16481790493287,1.8252692057781417,0.5973779967550961,1.1814093122731606,0.4879281462239367,18.362841059141427
66.05010338340189,2.158342731801028,0.6875435833596014,1.2923688698863032,0.48913038529413566,20.192983810086368
66.94741575619183,2.4321181810968966,0.7821672325867,1.5661443191821718,0.5321475280829616,21.40346821478012
67.85691841261674,2.8058947634437033,0.9207177096608828,1.9399209015289784,0.6231306782655063,21.07764028948201
68.77877696168814,3.0796714640207625,1.036167900945649,2.2136976021060377,0.7101362064297929,19.08637331853903
69.71315926227045,3.5471855012429927,1.2395580188105368,2.681211639328268,0.889919486096958,15.965043830115786
70.66023545364601,4.0078523312622565,1.462683610238408,3.1418784693475317,1.0962798721887812,13.011806317570437
71.62017798649511,4.7035486130845925,1.8093901644510137,3.8375747511698677,1.4331104671724382,9.754030871012015
72.59316165429739,5.692391463185231,2.3045539386296587,4.8264176012705065,1.9304151477631666,5.689578770897069
73.57936362515927,6.139752207926804,2.3647977269762874,5.5761245196359255,2.045189148072365,2.4018219741416376
74.57896347407423,4.164102318145481,1.5885376862342862,4.484539116766058,1.5499960806616997,1.1798676600688964
75.59214321562105,4.887155960785265,1.717176180704423,5.77122044769672,2.0107342615642154,1.6345815456672597
76.61908733710644,7.941378147199231,2.53520028063862,8.825442634110686,2.85342232896057,2.345935248681562
77.65998283215784,10.01554076119477,3.224890492981993,10.899605248106226,3.523978464772837,3.3281630665155717
78.71501923477248,10.491668928115232,3.4082934756018477,11.375733415026687,3.6868553517618934,4.94436467985417
79.78438865382948,10.19069147563539,3.3223309116087694,11.074755962546845,3.5831130238139823,7.073836927807511
80.86828580807001,9.617892809930822,3.1465217981442426,10.501957296842278,3.387266445393045,9.510669086334179
81.96690806155358,9.070337633744842,3.023961790642418,9.954402120656297,3.236381245415195,12.050517003464995
83.08045545959521,8.17621045309754,2.8159987751142315,9.060274940008995,2.9969938744102316,14.026363959588357
84.20913076519136,7.054882376214536,2.545356620466049,7.938946863125992,2.691153515571902,14.618656908911081
85.35313949594051,6.127676845856854,2.3912232580580293,7.01174133276831,2.489509081053741,13.500806561134564
86.51268996146514,6.002346173623835,2.3527294342507536,6.4320937794924475,2.4097044955916873,11.349886572552654
87.68799330134264,6.102346173623843,2.454613679615882,6.058317561053258,2.466138364470184,9.06722926191751
88.8792635235508,6.9855438471163325,2.767485732794992,6.1731899950672044,2.732348752819174,6.758379916644548
90.08671754343628,9.324480589991637,3.4011712697391303,8.458506728076912,3.3225520923497034,4.141282427480306
91.31057522321203,12.64405954425358,4.4506953449113045,11.778085682338855,4.347244301908656,0.9238939440507068
92.55105941199145,9.746211673801085,3.6583501852369493,9.23209512475455,3.5547311071389425,-1.7224799569953262
93.80839598636643,6.114955916152567,2.3421368108333835,6.0634059564561085,2.209979605381405,-2.851130231929537
95.08281389153656,9.711343768947046,3.7410202637707513,10.57731763086177,3.8240787993352994,-2.7814619874748616
96.37454518299738,11.689995821204334,4.1418445065249605,12.55596968311906,4.317514644661468,-0.7883912440219575
97.68382506879449,8.178844307916293,2.855406465059126,9.044818169831018,3.0436803432254083,1.4436227665764476
99.01089195235224,6.164162521039671,2.087115526428913,7.030136382954396,2.3153456504440633,2.752079725403257
100.35598747588385,4.975121334783111,1.6360029184502396,5.841095196697836,1.9251238906477346,3.4844477382396746
101.71935656439149,4.0807978659238415,1.3346275097206595,4.946771727838566,1.6699446256300283,3.842646722814095
103.10124747026408,3.847529094637565,1.2554204138846794,4.71350295655229,1.6131934301688027,3.8427250782188622
104.5019118184806,3.933635185718245,1.3003379006007563,4.79960904763297,1.6646788584723264,4.078262181278802
105.92160465242839,3.834026138085264,1.2213670524013096,4.699999999999989,1.5382827887395287,4.526796012232
107.360584480343,4.008194493751901,1.409827345041113,4.874168355666626,1.587765367315847,5.213332002797793
108.81911332237931,4.334026138085264,1.5731813548250018,5.199999999999989,1.7284593911453976,6.469141097161932
110.29745675832221,4.090190393853447,1.4135142242626724,4.956164255768172,1.6139564865571052,7.578693937522496
111.79588397594527,3.6295247609809422,1.2051200268391904,4.495498622895667,1.4487805150485156,7.990357137124323
113.31466782002661,3.2905820622781192,1.0746663075978635,4.156555924192844,1.361576070033223,7.674780151564366
114.85408484203,3.2340261380852695,1.0625142308000457,4.099999999999994,1.3673886801783381,6.934270274323441
116.41441535046215,3.2340261380852695,1.0619788635894625,4.099999999999994,1.3873530449132985,6.038028783916118
117.9959434619129,3.2340261380852837,1.046339437444646,4.1000000000000085,1.3580083167931603,5.532549522038289
119.59895715278934,3.541854442438577,1.185717562298801,4.407828304353302,1.4440101375969818,5.0279299303739835
121.22374831175277,4.414846750259429,1.4763649920667827,5.280820612174153,1.7805978565576928,3.957873512015033
122.87061279286796,4.046552044097979,1.402306350457749,4.912525906012704,1.7883920253207408,3.7642504936780825
124.5398504694745,2.6142610747583035,0.8885254021426312,3.4802349366730283,1.2252497969821134,5.466795288083608
126.23176528878956,2.9887340844994696,1.049847256039757,3.23365945717579,1.106849446309047,6.670983352773726
127.94666532725356,4.968770051972498,1.879631093677977,4.648333253351922,1.7924589634753871,6.783939302362029
129.68486284662654,8.214994075007226,2.9954706296488545,7.349715189418461,2.8718720641489486,5.74870918062418
131.44667435084727,11.446497370837747,4.244229071147952,10.562432883926292,4.13992841002944,3.385889221909693
133.23242064366454,11.649707279064842,4.620730758901414,11.952053452688688,4.675215783691663,0.7189685235341443
135.04242688705153,9.19805466270627,3.567174467083561,9.810575023749578,3.77338495852699,0.29622630958998003
136.87702266041399,5.543226749755306,2.086066096389866,6.40920061167003,2.4069009976640463,2.058922672257887
138.73654202060177,5.183929374303247,1.8758653862972772,6.049903236217972,2.2334063431489417,3.6026045105658056
140.62132356273727,4.33852401543281,1.639323722954045,5.204497877347535,2.0264598693642633,4.5474625099904955
142.5317104818689,3.830502230213881,1.4934803782740391,4.494129918504768,1.8659690801633386,5.2533322401811855
144.4680506354626,4.6649439946758235,1.719402787300653,5.428571682966705,2.022776512449604,5.865895507333979
146.43069660674234,5.181578280338115,1.8857823980552013,5.745205968628994,2.1529840169528014,6.774859414033327
148.42000576889123,4.957899363854523,1.7691372659462805,5.521527052145402,2.0351898555644117,7.149731109503387
150.43634035012457,4.250855067992674,1.4839376018386394,4.814482756283553,1.7544334097747425,6.900220446854658
152.48006749964676,3.7363723117091183,1.322760812086584,4.299999999999997,1.5981817296024845,7.210396404825554
154.5515593545053,3.7363723117091183,1.372611643480509,4.299999999999997,1.6372583999423058,7.921667814789876
156.65119310735156,3.456663824487336,1.3051810768430199,4.071821169815607,1.5398344499637562,8.034780831450439
158.77935107512332,2.895022096170706,1.0440014881777073,3.2242688565911806,1.21401219172852,7.23008685199606
160.93642076865947,1.443354956048566,0.5515375196336679,1.7726017164690404,0.6166013796945271,6.044720519178685
163.1227949632612,2.132011890729146,0.7489321390957805,1.4739737019088466,0.5503316176370723,5.643781789829123
165.33887177021145,4.2754540767992495,1.3806106547116581,3.391389589887794,1.1490654473684232,5.842842507582992
167.58505470926534,5.167038889629268,1.650553685931849,4.282974402717812,1.4152773411252493,5.850944373423701
169.86175278212698,5.327313415613219,1.699629728562011,4.443248928701763,1.4657889351264604,5.178695146054105
172.16938054692307,5.023008077514291,1.6075990773941318,4.138943590602835,1.3499147821837205,3.8104751791529052
174.50835819368868,3.649616115802502,1.2114090353108786,2.765551628891046,0.9871020088926149,2.627850593542985
176.87911162087872,1.4634049754581042,0.5217474495777508,2.2575391769891127,0.7609668287102079,1.7521165198329043
179.28207251291863,3.990094831909758,1.4584679551029778,4.874159318821214,1.8125686044652816,0.7576778727477148
181.71767841880893,8.695390172234198,3.189087089036528,9.579454659145654,3.4624732784821046,0.8039784832806248
184.1863728317966,7.0709232766146926,2.6432106079241993,7.954987763526148,2.89545284533613,3.0429229277807592
186.68860527013078,4.7877798599708115,1.8067822993010911,5.643837268547799,2.024640528315837,5.663778941843202
189.2248313589136,4.023786954479789,1.5245337681990554,4.853033714900263,1.700867025703382,7.332469951757543
191.7955129130641,3.6919741126234698,1.4307839446833999,4.368883816998888,1.5478860128336074,7.341314766195945
194.4011180214088,3.441317847922136,1.484316831947978,3.710958228441143,1.5037576780999966,6.0597882639023055
197.0421211319148,6.817251442630493,2.433186101737289,5.99883063789089,2.358248465385793,3.772897754791839
199.71900313808115,11.386724327418932,4.0488003829313195,10.520750465504207,3.956373285067165,1.5374387187063518
202.43225146650232,13.013526032496074,4.571518850332822,12.14755217058135,4.438556818741406,0.6981866526638754
205.1823601656248,13.214511069311655,4.607528338614043,12.34853720739693,4.408896905337041,-1.3604420786776785
207.9698299957042,5.880843213359867,2.2607746055140843,5.214676483260135,1.9828158206312827,-2.871443420721124
210.79516851998974,5.1267827449018455,1.782863435952416,5.690410433192724,2.0963683258449164,-2.8260030447543274
213.65889019714422,9.173748383114443,3.2181322733308684,10.039722245029168,3.5790744995035526,-1.119383206624184
216.56151647491973,7.210350349428168,2.3954679166424704,8.076324211342893,2.636520113112609,1.4072613262133273
219.50357588510906,6.396256925480486,2.4136069197434598,7.262230787395211,2.561272651194446,2.884564882488172
222.48560413978134,6.8637986484374665,2.346258762874582,7.166144822061312,2.5271877193896506,3.50346871765926
225.5081442288322,6.438553641097286,2.1624424017218566,6.740899814721132,2.406192306121277,2.720023339761366
228.57174651885197,6.2329631087291375,2.146170216839788,7.419373769264439,2.465336511107585,1.0057779128812314
231.67696885334288,6.679538256378365,2.3561726678840946,7.865948916913666,2.740927551523987,1.6175983217113412
234.82437665429467,9.748817611245073,3.2842608253882175,10.632882098156529,3.592497001575212,3.1228034743780997
238.01454302513974,12.318283397340707,4.2181851188756925,13.202347884252163,4.441129447533468,2.79368467500708
241.2480488551108,13.24078887711886,4.737335302494122,14.124853364030315,4.8973419817383945,1.4600242980898486
244.52548292500973,14.490299439130425,5.688076096587642,15.37436392604188,5.8017036895414344,0.3332143991393025
247.84744201442126,11.83589703846549,4.830886718515877,12.719961525376945,4.918884174069488,2.0736051562291835
251.2145310103753,8.604978765830353,3.621386492327306,9.489043252741808,3.6840972936174787,3.4854646930864335
254.6273630174919,3.376311811436608,1.4554078074508219,4.038936084607414,1.50132036244561,2.6119988103391023
258.086559469619,5.940189874029741,2.3163030020709567,5.610943113609267,2.40981662511211,0.09486403160313728
261.5927502429866,17.28511056577355,6.259664316776959,17.587456739397396,6.412294464125349,-2.056138277350007
265.1465737709023,19.76653433805039,7.067253578373319,20.068880511674237,7.157848629640777,-1.9242012643002482
268.7486771599983,15.49247914368371,5.472566276510294,14.608414656772254,5.354516092244196,-0.6602104609543489
272.39971630806417,13.386229557277687,4.346018405924092,12.502165070366232,4.101403238826027,0.38972726609836456
276.10035602347637,9.998325675231186,3.676686468406308,9.669078914810711,3.463593579678397,2.4838149760731425
279.8512701462517,9.769755814805023,3.507435123635248,9.440509054384549,3.3438101246284626,4.735210012208301
283.6531416707456,8.327876359502923,3.3233561841261743,7.998629599082449,3.1675961986658177,5.580885367304336
287.5066628700151,7.667799890885661,3.2776899491600733,7.606465652893007,3.1715705492534747,3.853832373099783
291.4125354218764,9.578649204539445,3.5230620084592146,10.133466931030426,3.585091844922029,0.4554071199373794
295.3714705366676,6.74920693585004,2.4212433321533253,7.935617596385342,2.739648790768047,0.17157093415208635
299.3841890867542,1.3559070458223061,0.5041536649095301,1.714678645496491,0.6531397171137905,0.7150146603419415
303.4514217377895,5.3055012590009625,1.766303915546089,4.439527397086238,1.4955953476168753,1.4856193643947904
307.57390908176,5.114506115443092,1.6672747857505208,4.248532253528367,1.3760038133617405,3.7264045997290767
311.7524017718382,6.579668214786736,2.30695481491808,5.713694352872011,2.197390188483126,5.417049227939648
315.98766065906545,8.954318960760759,3.222741229448488,9.274755759381335,3.257036941276878,5.3916888699894345
320.28045693089695,8.442247225333361,2.9988872586495683,8.997064951824342,3.1513337411714266,4.332979072386772
324.63157225162075,7.5608392964801965,2.6679257692559855,8.115657022971178,2.788209397015369,3.280259587405041
329.04179890469266,7.2950249812284795,2.6353727704259753,7.615461779849056,2.670779662495673,1.5945797426168185
333.51193993699934,9.325945556651774,3.0265489293153673,9.646382355272351,3.1106367264776598,-2.375126787008418
338.0428093050835,12.61326825547826,4.791121866246872,13.168085981969242,4.936886874147854,-5.419540836499221
342.63523202335546,14.112305345994706,5.148180262991075,14.667123072485687,5.285611746631802,-5.7813062586031965
347.2900443143162,13.51014849664486,4.586832042113709,14.06496622313584,4.780333436370689,-5.94244065837471
352.0080937608268,7.949692417716008,2.665243050703932,8.50451014420699,2.9700880601992754,-4.855437316372604
356.79023946043776,4.706041089197981,1.544217105813359,5.26966877748886,1.8025689986455447,-3.347373620284509
361.63735218182364,3.5852115391881227,1.3207143195211812,3.264774740567546,1.100818581735171,-1.4602106948083928
366.5503145233374,5.203046610144796,2.0298943025202956,4.31898212323334,1.657156740773547,-1.2171190086420922
371.53002107372095,7.595721882242273,2.9617847523158143,7.032094193951394,2.87283564038127,-2.335786295854817
376.5773785749987,6.454683216903987,2.2375262399551406,7.641093877439289,2.545041209475077,-3.004319240775698
381.69330608758213,6.0285572126742295,2.31847208659602,6.592184900965108,2.6540213209452146,-4.547766377473389
386.8787351576233,7.691865307064049,2.801931772902655,7.371428508443472,2.794338088072298,-4.436961365195043
392.1346099866322,5.27308194796133,1.9463026475466287,5.4536209655014005,1.9607318715847333,-3.4581357825682515
397.4618876034086,4.709391226067126,1.8443374868645388,4.9694714394125015,1.8041962486811887,-4.180053900428786
402.86153803830274,4.377689696406733,1.5047616217511481,4.075343522782887,1.3590248575206845,-5.331011974493779
408.33454449984595,7.2304349946587365,2.743301343828656,7.550871793279313,2.7200297867445404,-5.497001188055634
413.8819035537814,7.609806287357166,3.0446265392412304,7.502734673617205,3.036323002147967,-6.007334755497199
419.50462530452376,5.765189043825899,1.9298776426865656,4.899215181911174,1.7567057868717033,-5.903225477064228
425.2037335790913,9.107466099909118,3.142945046547073,8.241492237994393,2.93948734077589,-5.236258144067781
430.98026611352606,8.955271965566752,3.729576004079503,8.323679031522431,3.5423679906136756,-6.4220886763666645
436.835274741857,9.2278081063699,3.409648136290957,8.66418041807902,3.091504510009302,-8.036335774368155
442.769825587624,13.499827459886006,4.833305626281293,12.633853597971282,4.5434135866830365,-6.715749305416412
448.7849992580056,9.904321975198243,3.4570653870628196,9.038348113283519,3.1289546667337595,-3.733670639475579
454.8818910405848,6.89239489570177,2.5729011981251864,6.328767207410891,2.2520830228788427,-4.303771237704007
461.06161110278447,5.751578270056328,2.140224458801759,5.076906012075952,1.9609166990645135,-4.22983625142146
467.3252846940206,5.053647671706102,1.623707329917458,4.490019983415223,1.437753519117642,-2.3806401342546364
473.6740523505888,6.943359156604828,2.4100386227564106,7.2637959552254046,2.412764123720724,-3.101655880529114
480.10907010334745,5.285035318292884,1.9202913067486997,5.662425915896506,2.1605589682276443,-5.573328044512678
486.6315096882137,6.086595430348893,2.270027891671348,7.273006090884195,2.6178104512422586,-7.882246652581626
493.24255875952247,7.183525471009176,2.4659592984170273,7.747153159300055,2.5996061063791105,-7.209448122829104
499.9434211062837,9.815824373448514,3.6782458265049276,10.379452061739393,3.7565969208056917,-6.876100743879663
506.735316871375,9.487755218573867,3.3382461232834633,9.466340790023352,3.4456310727964907,-5.459072678182511
513.6194827737196,8.534148949727893,3.604066090530427,7.914486158355459,3.554549210530892,-4.530738985766893
520.5971723334706,11.08229972603305,4.398432205986782,10.198235239121594,4.318966661137697,-4.514417272806556
527.6696561002661,8.968407065955681,3.3372336869827834,9.600000000000001,3.398746519843622,-4.245300983342649
534.8382218845791,6.923791922601524,2.4998421806879234,7.555384856645844,2.649500695571541,-4.805416541793335
542.1041749922106,4.120295665820208,1.6013752487897537,4.31721532028358,1.5983417114612823,-3.3233021160487253
549.4688384619709,10.959864584560727,3.817124800641956,10.65751841093688,3.7922849715122733,-4.121577262803923
556.9335533065855,11.270627603312043,4.542394691443058,11.834255291602922,4.470781187720302,-4.62882199764813
564.4996787568825,5.596275245942181,2.308403640613272,5.293929072318335,2.256797728271645,-4.565572874144456
572.1685925092838,7.527401044243291,2.9303999775884835,7.856761775740367,2.996644031114301,-4.322321554429197
579.9416909766726,6.894105660669808,2.5270050303744727,7.448923387160789,2.6704629651754366,-2.512695578735941
587.8203895426594,4.380905592314718,1.5646642181081782,5.56731625285002,1.8849905391386876,-2.406319392553698
595.8061228193069,8.1100885489425,3.012270041182986,8.309001718716502,2.9235040437251625,-3.0468654483597275
603.9003449083546,9.549797637404566,3.480985193869194,9.220550876984092,3.4076921818892076,-1.9265151217036105
612.1045296659898,5.968774201627966,2.1755515419574456,5.648337403007389,2.13969592932118,-2.591797525354127
620.4201709712255,4.499105183860792,1.641416102547086,4.821331614759799,1.7664880909324712,-2.888274042113795
628.8487829979076,9.830213504556042,3.4437822075624034,9.509776705935465,3.4362439854961058,-2.221698433808504
637.3919004904341,9.46056273896778,3.5559012373727223,9.140125940347204,3.4764347089929277,-0.9585685727617232
646.0510790432097,5.096496587173107,1.628767891509784,4.541678860682126,1.5423707035714744,-0.2141435514857079
654.8278953839007,5.615662785900369,2.26793300125531,5.313316612276523,2.2373411049868466,-0.5190014952333968
663.7239476605376,8.545426326560701,3.368729532298112,7.679452464645976,3.3268218264564324,-3.472537724605729
672.7408557325151,5.5180417518780445,2.289108954179271,5.799026671057007,2.276902295340381,-5.6486615565527725
681.8802614655548,6.090388635929358,2.085468586275305,6.645206362420339,2.350082580783706,-6.438645272573086
691.1438290306594,2.9419623816209537,1.0809109097931773,4.128373042156255,1.4357538386494373,-4.844004172662897
700.5332452071445,3.997368926430525,1.4533817556861401,4.3266156868509995,1.585011698706712,-3.5556703691727876
710.0502196897769,5.161436915228066,1.7924042820351846,4.85909074160422,1.7612163644913512,-4.165807421255292
719.6964854000886,2.292302380179507,0.8656820353285053,2.0579214523091025,0.6771754305376626,-3.867059991444677
729.4737988019216,4.800126150415721,1.5437327025350225,4.565745222545317,1.456971052410521,-3.8276077839274136
739.3839402212534,0.6342261430802836,0.2046822782521947,1.5976522577652759,0.556280511529701,-3.545180362785763
749.4287141703808,4.1488426979491635,1.80275394723302,5.3221179408639046,2.17608052361937,-2.495473695637912
759.609949676488,6.000697481222403,2.068047739483037,6.3299442416428775,2.159976840394695,-2.989252685892063
769.9295006146981,7.9050037653704095,3.272457656162469,6.858710346098846,3.106853696243959,-2.4555905862592367
780.3892460456366,8.346097494280528,3.164964402972551,7.159686833745226,2.956951649497254,-1.672030315485705
790.9910905575854,5.313214415659061,2.200491667597023,4.631700938780938,2.042891308440823,-1.9246349778649232
801.7369646132852,5.06399129472382,1.627674169958946,4.761645121099974,1.5390019954431238,-4.368437156261885
812.6288249014447,5.557617927907813,2.2472850647694025,5.237181129287237,2.0580528445766837,-6.612931200972258
823.6686546930376,6.501089727055387,2.5719894091838658,5.617025240143931,2.4961244542885597,-4.808937321131308
834.8584642024206,8.09586211755169,3.0259810180219766,8.961835979466414,3.1824870424107647,-3.5740662865146957
846.200290953376,9.689938134037,3.706351850522263,10.48102071205421,3.8921714623372488,-2.197859534758682
857.6962001501166,8.074330978954293,3.7024536757199997,8.940304840869018,3.743770683064625,-1.2216970622117969
869.3482850533331,5.595226174497611,2.0815860116532963,5.262432067373965,1.8556195194380494,-1.8125762394736824
881.1586673613518,8.005593796124927,3.251373539559755,7.189044532200938,3.064597483357557,-2.6539087789784674
893.1294975964651,10.957918772608949,4.326553687791315,10.655572598985103,4.206466512424368,-1.868544296557289
905.2629554965239,6.349729477619462,2.872429336909867,6.45420576015637,2.672778898454626,0.19783272048510128
917.5612504118283,5.797086532398083,2.328769046396804,5.3902096265819495,2.0625802095676478,-0.24772665672282698
930.0266217074325,3.69160765868169,1.2886465905147457,3.136789932190709,1.0076060704654606,-0.295278466428843
942.6613391709002,4.955295168893642,1.9600694900422708,3.9792563389055573,1.6522726124049154,-0.024006809417062413
955.4677034256056,6.465385342034779,2.2428627750274996,5.599411480120054,1.8900868303162743,-1.1231861549646822
968.4480463496486,3.522138786317626,1.2827060207322578,2.839725125995159,1.1138906325164804,-1.7758266270811844
981.6047315004565,6.712806204266599,2.758822318276911,7.596870691178054,2.878222160074453,-2.8784496911084574
994.9401545451677,11.059378232073762,4.191106866962387,10.427785298029441,4.224952451547468,-3.6910116938108857
1008.45674369684,5.725525521478602,2.1614347977446653,5.861056181832282,2.1584123579149677,-3.2822064414648766
1022.1569601566076,4.202127833845765,1.4617838910976853,5.06810169576049,1.664705596820691,-4.5728130540279235
1036.0432985618306,2.5061472691971574,0.8522446151772294,2.5571420941153207,0.9456480087764771,-4.902674502044206
1050.118287440338,3.242190044696173,1.1811169905824026,2.5663470119764753,0.9130876190650905,-3.7577815904498153
1064.3844896708415,6.735400431836013,2.4300531001187027,7.601374293750737,2.7277609197644375,-2.6018536148858287
1078.8445029495988,5.071710691705732,1.8972664256358296,6.258121352241034,2.2666979381759176,-1.2624804210898077
1093.5009602634332,4.328446884322005,1.4220788169429146,5.212511371233461,1.6972749578905892,0.520102178763878
1108.3565303691514,7.790605327007995,2.84119129884813,8.400202803765268,2.938166966395473,-0.31550991417337854
1123.413918279504,7.880625663896637,2.7286446055856244,7.5782794902727915,2.6736443772601275,-1.737787050965815
1138.675865755728,7.296384817973461,2.373708800964191,7.625631578393936,2.5614587590709896,-1.4092103146793278
1154.1451518067877,4.805778764604156,1.7352787748189171,5.135025525024631,1.8901407001356183,0.10323558443311072
1169.8245931954002,3.705588880729863,1.4199093954438342,4.02602567935044,1.3609344443063098,0.5562286432677865
1185.7170449509247,2.145034394454825,0.7755715146754217,1.2790605325401003,0.49161295446463377,0.7876954853341431
1201.8254008892418,3.501197945275919,1.2293677163977539,2.9624255885712643,1.0759153509143662,-1.2871762742170518
1218.1525941396637,5.194545694802329,1.8183494929991824,4.63091800651145,1.5222449395570894,-1.8215006757352625
1234.701597679034,5.167432193097085,1.7203406673280668,4.289237927531886,1.5818985309164437,-0.9438501486713051
1251.4754248730626,2.6020462395874375,0.8677646107406973,2.272799479166963,0.7320800647499978,-1.5898766252350867
1268.4771300250238,2.7150566409757744,0.933125274512514,3.0174028145996203,1.0021671002510988,-2.7079211748988428
1285.7098089319074,4.213589339464704,1.85631214617693,5.400000000000006,2.0395673235839338,-1.2341811752221445
1303.1765994481177,2.773861860115886,0.9064201602405803,3.9602725206511877,1.2967534513079906,-1.258294575490399
1320.8806820568523,3.9702341756543973,1.6455958933826371,4.525051902145378,1.9277949172903452,-2.0776242022566636
1338.8252804492097,7.630816664846392,2.9033622629095177,7.878475513078186,2.964605606341196,0.3330189982135863
1357.0136621111974,9.75566679854667,3.36786384865716,9.426420038126196,3.437749778127493,0.0915709089421199
1375.4491389186926,9.023569333152153,3.740622909907462,10.209979993687455,4.019863041205907,-0.6815409724851975
1394.1350677404962,11.265926504192194,3.6360615860993293,12.131900366106919,3.930714955043579,-1.1026761044020503
1413.0748510495766,7.128535693960259,2.472957142061327,7.994509555874984,2.6605653650355205,-0.596922080177049
1432.2719375426107,4.943556522889708,1.6687838193122189,4.059492035978252,1.3705247190324545,-0.3389194677172668
1451.7298227679635,2.9113710700788715,1.1325092231295177,2.507238324898495,0.9321086725872323,1.5922780918421608
1471.4520497621636,1.7568662015514604,0.657147058747425,2.388459135595781,0.9783770768344632,2.596459892630372
1491.4422096950627,3.2244448660480742,1.1928131457817646,4.090418727962799,1.4478518984229383,-0.990224726278339
1511.7039425237333,6.7703380127229735,2.4343988548185114,6.138745078678653,2.1994896825783594,-3.7063170711821782
1532.2409376552619,6.118808707906496,2.310087213945819,5.305669691983525,2.0055654302291024,-2.631361404191344
1553.0569346185453,4.39715753083189,1.6052034324537139,4.076720732211314,1.562422450988012,-1.3610308936765647
1574.155723745203,9.158298594990953,3.5050138459673725,10.024272456905678,3.714838568447442,-2.170350165095789
1595.5411468597677,8.291744812749101,2.85944308714114,8.85537250103998,2.9423643140766575,-3.4123453958433885
1617.21709797921,8.694912868900921,3.086512162868842,8.392566695277075,3.135227960026177,-3.41970278251289
1639.1875240220081,6.887756638471473,2.59350832678904,7.771821125382928,2.7969109875483342,-1.2391157648309359
1661.4564255268253,5.653112583619816,1.9564509821511895,6.537177070531271,2.2285057641668558,-0.897785403606855
1684.027857380952,4.5147635049362975,1.9064464563904948,5.701174165471599,2.2757978836513666,-1.5411496892889942
1706.9059295586667,4.050070449149274,1.3496614732448782,4.613698137440153,1.5533243860059052,-2.755558827632103
1730.0948078695867,6.520322128939384,2.6265253455517956,7.386295990854109,3.0184116454274315,-3.183537819807671
1753.598714717237,9.912693756805503,3.320760972423031,10.778667618720227,3.6605617113536044,-2.4665507038110106
1777.4219298678697,5.83513620640268,1.9763421981148157,6.466729140447001,2.2606389269954428,-1.2860406746255477
1801.5687912297767,2.5368977264258916,0.811193409844106,2.866144486846366,1.017597415002309,-0.7750867490920484
1826.04369564316,5.924792731300258,2.2087735800446398,5.690411803429853,1.994568059431015,-2.1325777623931486
1850.8510996807336,5.565690046478039,2.155159699396186,5.331309118607635,1.918717412171175,-1.014731849051819
1875.995520459231,8.435859922754673,2.6765557062189136,7.5698860608399485,2.4478638264518056,-1.9698026845220482
1901.4815364618871,9.570474924032695,3.1394495445997843,8.70450106211797,2.8494711266643957,-2.4501125066608864
1927.313788372151,7.544055104216923,2.7734950278043327,6.980427415926044,2.7067709021444863,-1.5162943816860803
1953.4969799186701,4.389175128936472,1.6353289907816944,4.154794201066068,1.5311763136129481,-0.5881555245086616
1980.0358787317991,3.7369017631416597,1.4659288420048062,4.057338561762236,1.4137136964898152,0.2383023704995793
2006.9353172117194,7.239861134084705,2.3420778160113582,7.005480206214301,2.2565809753809574,0.25634568058571006
2034.2001934083494,7.338088060833741,2.605733717586689,7.103707132963336,2.4811662063090565,1.3634280656809608
2061.8354719132403,4.71243346140335,1.6411634240181139,5.032870260023927,1.618931966798129,0.24280227226860235
2089.846184763538,6.865470141558134,2.5124640165661525,7.336976627841352,2.7991458775705924,0.7062076065557819
2118.237432358276,6.761357481592455,2.145483281361622,7.081794280213032,2.2832887009129945,0.5583793229774443
2147.014384387083,3.6991321530842782,1.4324036228898553,4.019568951704855,1.515732507628048,0.13391872088209028
2176.182280771521,4.642836564183511,1.6424036298264033,5.1976542906744925,1.9667803409739546,1.5103146749879586
2205.7464326192116,5.615251210831417,1.9994898843642102,5.774363423010925,2.1072270056415694,1.7701248343498777
2235.7122231909166,8.893149602218372,2.874879125657966,8.590803428594526,2.7481252477584155,0.14992681324881402
2266.0851088807703,2.7433273592115484,0.9546536263993911,3.627391846123004,1.2160063947680968,-0.1470597297417811
2296.8706202098074,5.399067130613574,1.954491226519532,5.244047516679686,2.0015442624240296,-0.41751125978786946
2328.0743628330156,5.730418668614718,1.8824163632778086,6.916829329150019,2.2263842067983397,-0.3748874824587148
2359.702018560048,6.569779568114669,2.1371695901802528,7.201372502158989,2.409675400975007,-0.37132596166827625
2391.7593463898093,1.1959750497759387,0.43447210419020726,1.3371812403720043,0.4870898312661958,-0.8552398563276483
2424.2521835590983,5.219628722807116,2.0665376792996586,5.45400965067752,1.916985156198915,-0.857157262483355
2457.1864466054944,5.523567122462964,2.094971928338849,5.203130323842387,1.8839441263018655,-0.5345713350030905
2490.568132444689,4.896395352985294,1.8480605464958844,4.315067653570466,1.7937154709835252,1.807733902977813
2524.4033194624367,5.935136811979888,2.0929548807215754,6.566729746024208,2.274558354968541,1.9112197074357709
2558.698168621369,7.714617907186025,2.749694692535376,7.48023697931562,2.749684738529242,1.3274610586004116
2593.4589245828183,4.719700522843141,1.568756621960959,4.4853195949727365,1.5162535826209755,2.976072226192602
2628.6919168438944,3.1706254337680235,1.2420944573382242,3.7342531220589024,1.245059270075746,4.304686973728264
2664.4035608900067,5.731311161977999,2.077069664647646,5.428964988354153,1.86364179732684,4.576186533117235
2700.6003593630426,3.7126098855564464,1.2695549841668563,3.081016951512126,1.0918899453086246,2.6307137107691063
2737.288903245422,5.133387227510497,2.070997365518127,4.275347662986448,1.7266373862232884,0.7551313723141704
2774.475873060218,7.141202882574703,2.480683687642803,6.257138395663247,2.2065458315921247,0.23160630838874283
2812.1680400876166,4.359411756755819,1.5800382599124938,3.475347269844363,1.4501152900871181,-0.3551628914022416
2850.3722675978674,2.642880512154804,0.8703213179659559,2.0880627856638228,0.6789110684797154,0.5943499239877525
2889.095512101004,3.6864106605353015,1.3256333902076192,3.149706718476949,1.0564283026359431,0.03755852081638409
2928.344824613535,2.749992807846695,1.1207295554714238,2.840719583547866,1.2301972413466111,0.06100387035842516
2968.1273519423485,3.828655637598075,1.4329847036816743,4.712720124509531,1.8188809526679914,0.5666389910099354
3008.4503379860557,3.041986463279372,1.228592195042736,3.5986325658989244,1.495509672480228,1.634857448198258
3049.321125054004,5.571405247286918,1.9077216538314241,6.135032935577797,2.189305360550145,-0.28522550776876016
3090.747155203236,4.744506366336111,1.9674667582297014,5.930917026871413,2.3714922519232915,-1.2883122035063395
3132.7359715935845,3.678252240365481,1.3884274895705049,4.233069966856462,1.4934728860464646,-1.0345747769609006
3175.295219861188,4.112245107653536,1.4974434167173156,4.432681906274112,1.5036600582722817,1.298930947224332
3218.4326495106657,6.17976086844358,2.466925624418634,6.811353802487901,2.779437822352059,1.603312123402398
3262.1561153262055,3.0496049574996107,1.3591179974471013,4.236015618034912,1.68929386508,3.018457120895127
3306.473578801825,4.990536700256314,1.6533994062131336,3.8041260397210124,1.3317942445690032,2.6099220428424985
3351.3931095910457,9.41900431999727,3.210842578536099,8.553030458082546,2.85897909070195,0.9372060728765377
3396.9228869762956,5.555771626999885,2.0115471219232086,4.68979776508516,1.908827202968556,1.7997108035345804
3443.07120135824,4.240219581136614,1.5302165712762155,4.569466341557089,1.6772822206776756,1.3391243598523317
3489.8464557653647,4.642574753631962,1.7431985344301055,5.419173813733934,2.006949792931672,1.6697694291193101
3537.257167384059,2.207324652171934,0.7737653566866097,2.299999999999997,0.7784689480235477,0.7345435294763434
3585.311969109494,5.161119288841903,1.8699791479449677,5.395500216712307,1.93472559332928,0.3667574167486066
3634.01961111755,2.8974003238933363,0.9919958240910899,2.663019396022932,0.9561246507437605,-0.06870430965621495
3683.3889624581348,5.916564436731463,2.1539133810332456,5.682183508861058,2.0208023053806845,-0.3713240776872254
3733.4290126701103,6.108635950736726,2.1057919148174773,5.545008262445847,2.010431777665962,0.45364676316654595
3784.148873418181,7.728073334079369,2.64689140820975,7.096480400035048,2.4520460140792912,1.141707965604084
3835.5577801520135,3.929246760420483,1.3666518899001698,3.9046899205092984,1.4826466005485865,0.4391216984598373
3887.665093787892,4.328042231209864,1.6088395462518836,4.562423159080268,1.550595033935953,-1.2362564331265986
3940.480302413234,8.12608837417342,2.9834022638760986,8.360469302043825,2.9954620112864148,-0.036727463944606596
3994.013023014228,5.0313895441159815,1.8449524478796466,4.949307790130931,1.8550786732911004,2.3797913286446546
4048.273003226999,4.550017709711895,1.5439772123424267,3.6659532228004394,1.3515594554249446,1.448747474524086
4103.270123112507,4.975456051683651,1.7847795509575677,4.129746485321746,1.7059191888926246,-0.5256890567317839
4159.0143969555875,3.4212446236577563,1.3572862999011241,2.739321002806136,1.180960185262343,-0.3337883414289536
4215.515975088432,4.2972887637039605,1.585416265065918,3.4313149017892357,1.2269898927421603,-0.11121420217534705
4272.7851457388315,3.7234810283823236,1.3227913271622995,3.4211348547584777,1.1603954653810589,-0.7205626189262034
4330.832336903536,2.599997121562609,0.9471543767086961,2.5999999999999943,0.9836237904322096,0.344877243339684
4389.66811824705,2.9836498100905686,1.0486634308477298,2.352056876046248,0.8744464163804305,0.17047650594071512
4449.303203026258,3.0539833887498133,1.2667386870689534,3.919957250664538,1.373659034446334,-0.7263539430885032
4509.748450041158,3.4572528587755897,1.1597634423997245,3.081400773896732,1.0613994756244365,-0.6698740883335716
4571.014865612116,2.3970835082709527,0.9304289852047778,1.833455819980074,0.6661782586421238,-0.1651072056632529
4633.113605583979,1.8109594627890289,0.6453891973275759,2.2086132891651857,0.7541362179700084,-1.907372317004868
4696.055977357415,3.472871327267626,1.312790579661154,3.5500866342398183,1.2645806185570334,-2.2684789576878814
4759.853441947852,3.233099058984891,1.1441056830885177,3.2203524195373205,1.1843397523851151,-4.321618845790087
4824.517616072369,3.2800675704024087,1.2105322392626279,2.71643988211153,0.9236388415963541,-4.5234969845662025
4890.060274264978,3.8588210106873078,1.4177731703196579,2.6724103501520062,1.0082724266195846,-4.973711964341248
4956.493351020604,3.1321818731817643,1.1546325396028618,2.80293511276129,0.9499831848447777,-3.377197227247649
5023.828942968209,4.587365348020995,1.5867008985705493,5.773776008556297,1.9604549660831265,-2.1550047455999306
5092.0793110734385,3.705460038039135,1.2928724559830809,4.260277764530116,1.6274189024671657,-2.13105308417623
5161.256882871186,4.336205790277603,1.4073168702302232,4.033859616653757,1.3011892643056484,-1.682755046900121
5231.374254728498,7.433766045937517,2.629209326311942,8.317830532848973,2.781984449193006,-1.5681540688787834
5302.4441941381965,8.011824369925634,2.6281489012180312,8.89588885683709,2.8896772480830735,0.5255444365254249
5374.479642043703,3.659074922775531,1.4009216343459003,4.22270261106641,1.7619279858119787,1.4753275126415388
5447.49371519541,2.7416837277169606,1.0079092842277788,2.8348343885232765,0.9776600773761839,0.9990060682223401
5521.499708539073,5.8852137677471035,2.240999808867304,5.564776969126527,2.2502802303318457,0.40084619868529503
5596.51109763666,3.419968080200732,1.4807379897220607,3.747742898844777,1.5022252312175723,0.21133532613181955
5672.541541120078,4.242658880515918,1.4864780873868855,4.545005054139764,1.617997018305407,1.2200685887511924
5749.604883178245,5.149620858346822,1.6324336289957853,5.781213792391142,1.8838863368280416,2.0660521710326405
5827.715156077921,3.195910212585332,1.2337352215630342,2.984916187424602,1.231841537301955,1.8414331442073801
5906.886582718841,3.764301483174208,1.3641552993082606,3.3000000000000114,1.1737907266962977,2.0974818931064503
5987.133579223505,4.940381529370242,1.7792525827250427,5.1747624572406465,1.6967372456432015,2.4166971247148012
6068.470757562176,2.9340261380852724,1.1548439474552001,3.799999999999997,1.279548048846685,2.303507583403942
6150.912928213538,0.8821197948571751,0.3279176187901293,1.7442293612770783,0.5745405257777048,2.2766190020517683
6234.475102861498,2.8967835437357934,1.1364001552742555,3.21722034235637,1.1648522615390386,1.813839155682345
6319.172497128632,1.9563583169297942,0.7934615212882528,2.2406985511258313,0.8367995522254144,1.057598625454662
6405.020533346731,5.095771753503641,1.8382135273837925,6.282182414038942,2.2380207745757423,1.3907450946277067
6492.034843365055,3.5804073526797,1.1442007547370094,4.135225079170681,1.410791332121877,0.3171674083848046
6580.231271396669,1.8676851320256418,0.6920114378213943,2.422502858516623,0.8046924845723029,0.3432346177860012
6669.625876903485,5.289068760255859,1.9724780260278967,4.423094898341134,1.8895234168395882,1.3249168317376814
6760.23493752048,6.727809490419958,2.219444214759923,5.861835628505233,1.9573183134575989,0.7007669875267396
6852.074952019661,6.695725043531738,2.1430529018012394,5.829751181617013,1.9502985151038248,0.45704861988731127
6945.16264331428,5.41255410672963,1.809652277289033,4.546580244814905,1.5839337620595104,-0.023772811871202747
7039.514961503845,3.126911544384967,1.017552850753936,3.4561583048054416,1.218743260725232,2.2047256946765543
7135.149086960562,3.2877894447563136,1.1915088339037438,2.168300323499622,0.8245712250341086,2.8507082034536695
7232.082433457633,5.6864106605353015,1.87748220941152,4.5,1.559031525106828,1.9239379099859633
7330.332651340094,3.5030453577919474,1.5477238652958514,3.3728026050786326,1.3568647499099065,1.798967200406122
7429.917630738726,2.7632902974560523,1.0955340151923418,2.9428534988354755,1.0432826552621521,1.723038035551363
7530.855504827617,0.9386635505896379,0.3417112013865,0.6917787212024535,0.23807962430546672,2.8336083969090735
7633.164653125994,3.564691209072862,1.3017888712617323,2.5782805485375633,0.9552437575329522,2.869963408009011
7736.863704844875,3.4881721898950815,1.4374176033062382,3.01506574979436,1.2603049328189384,2.2537622174703755
7841.971542279258,1.856579926551575,0.7825135772121774,1.248333355502652,0.5287472951719718,1.5472633024358544
7948.507304246318,1.574388399054996,0.544069555257598,1.2084145371402712,0.45904867801536775,0.9006897104540513
8056.490389570357,2.3315929340443233,0.8993586765138091,1.7416849800747798,0.7330812057572783,1.1557976439375124
8165.940460615083,4.943618089034686,1.7286862735909752,5.507245777325565,1.8619394032119103,1.6726281355165498
8276.877446863879,5.713285800316697,1.8631723762531578,6.579259662231422,2.1182834927824388,1.8483209226036592
8389.32154854872,4.3815730754736535,1.588761108632239,5.247546937388378,1.7493580073123722,0.6555620842607539
8503.293240328356,6.0060997399222344,2.1276394045064633,5.442472051631356,1.9261528494779756,0.13074618204261412
8618.813275016524,3.58573351527653,1.1972014681667724,3.0221058269856513,1.0674789847626729,-0.572343257417964
8735.90268736076,2.0122167842698673,0.709164838292333,3.198627444805169,1.1046393626311155,-0.9018917871478636
8854.582797872557,3.2260841225138535,1.295369273718982,3.9334625139956216,1.399140495088482,-2.0747691144789
8974.875216709568,4.773273367416024,1.8846606929510448,4.452836568795448,1.7987467847296688,-0.9128877520656686
9096.801847610544,3.9098494853082144,1.3333973916705641,4.144230413178619,1.3260700815270374,-0.07707794831235049
9220.38489188374,3.0342942482844535,1.021425450409751,3.268675176154858,1.106642759398196,0.5215129191540768
9345.64685244945,1.5708398463686137,0.6637125848313997,1.8315063272552266,0.5972475191362085,0.236227691951089
9472.610537937573,1.1287043834739023,0.3729742302280981,1.1041056756897945,0.4494819982438453,-0.10412558702269337
9601.299066840736,3.491414378515117,1.4327613958104373,2.927786690224238,1.1308874832414753,-0.6810713641848111
9731.735871723888,0.8672078390608391,0.31050996027648964,0.96438509498347,0.35178590135721877,-0.8335179859692261
9863.944703491077,0.9497924130747748,0.3275481649135004,1.218588017700398,0.4576678465447245,-0.4427149582690504
9997.949635710193,3.221442117669426,1.0854999204152835,2.6808217076528678,1.0028447365921647,-0.861267024387405
10133.775068996483,2.378449084761513,0.8789855451020323,3.244422946676238,1.1456898944955791,-1.496215816310294
10271.445735455505,1.4204663761330636,0.5405780098345782,2.1178050929541143,0.8653172028687717,-2.9887032237757523
10410.98670318668,3.9866345842613384,1.354031815966433,3.752253656390934,1.2564868187459477,-2.117000007484768
10552.423380847798,3.4257612269449993,1.1302902263720283,3.191380299074595,1.1424615638716864,-2.2298808426182433
10695.781522281575,1.1791408221420028,0.3946276119029734,2.3655514826773043,0.7627277852339867,-3.2533238279381607
10841.08723120515,1.6577317635224347,0.5735618957756328,1.9600779371462806,0.7261757151333077,-3.8347306604044404
10988.366965963285,3.5870028442847115,1.281990818684022,3.9074396429052882,1.3930630302413889,-4.511835532987073
11137.647544346053,2.0538285609283378,0.7643778757110684,1.1964633356999599,0.44446782668673274,-4.136096256670223
11288.956148471985,3.0891516235743666,1.0857278556496635,1.902740963039065,0.8188824858362388,-3.765142971137223
11442.32032973765,3.1991310271516937,1.2090081463316502,2.499412355689657,1.0246566702349866,-4.307646722186533
11597.76801383437,3.1900364551520113,1.4183673545733546,2.9043026225941304,1.199987720323578,-4.172030711012937
11755.327505833218,1.7119427488670595,0.6115167712564575,1.4637906660856999,0.5830641985037508,-4.758567193358718
11915.027495338967,3.5553791616417385,1.2633470128552138,4.075339778904933,1.4602845320171778,-4.430778748476146
12076.897061714053,3.0625388464159187,1.0542287782849789,2.178474359504463,0.8002643934373015,-4.2618540957932
12240.965679373638,2.8464920679105177,1.0712833363729661,1.9921790962254278,0.8216422045378322,-4.4738695918120355
12407.263223152479,1.3836437551980652,0.5708474204442117,1.4465731751747626,0.5325714385842386,-4.662951305136349
12575.819973744838,3.9485077536551927,1.357284032225816,4.5121354419460715,1.6660819124700939,-5.550896019674158
12746.666623218163,4.240027463652083,1.459423925828959,4.569274224072558,1.611525287506807,-5.403849505234708
12919.834280601686,5.0240681850708455,1.9315898887855432,4.7217220114469995,1.8203857094879596,-5.408312015276704
13095.354477551022,3.5316148351508616,1.3355617606286623,2.677302954614916,1.1046739287510026,-4.026512764709608
13273.25917408978,4.29092220979831,1.5260955102981582,3.406857722886855,1.1649733371374382,-3.4653373123195736
13453.580764428887,1.6793660332044738,0.6315986012567568,0.9581206185172135,0.3345899918294995,-3.694770073476195
13636.352082865393,1.8885466612723718,0.6767617168056177,2.7726111481838274,0.9803134443239369,-4.519667580207482
13821.606409760978,3.1183935660558717,1.078014528039087,2.8518578227039626,1.111052839720586,-6.0143400841852666
14009.377477601987,2.9953870235061686,1.0515722097492535,2.881800656726469,1.0340097985315166,-6.828978402944668
14199.699477141736,3.507352085875013,1.2216462813595435,3.8277888844955896,1.3805073929927614,-7.475982781612617
14392.607063626167,1.6072633582601696,0.6464365561636538,1.1945132372090512,0.38404414123067887,-7.410193183604784
14588.135363104077,2.9511852544820343,1.1996566262442854,2.078080511713722,0.8474819036916285,-8.176726529010065
14786.319978823214,0.530246816871653,0.18812337361330186,1.0076353400796165,0.35124038015167924,-6.776604861286595
14987.196997713127,4.541611907225047,1.4870653502896565,3.657547420313591,1.254383119039284,-4.655000200836324
15190.802996956223,5.150599516632255,1.9546514528018077,5.211154990093064,1.9194443671587695,-4.212030499646724
15397.175050647964,2.8404107411746082,0.9305625287010727,3.4720036752189287,1.2421964514447268,-5.326867134144254
15606.350736547527,1.5464896451605483,0.5252146255216169,0.8240710861627321,0.26350084031837057,-6.814770885952365
15818.368142920302,1.5319213904022888,0.5704498082097751,1.474756033064203,0.6160615465159025,-8.663419983192266
16033.265875473386,2.728542610939492,1.0812070895716612,3.5945164728542167,1.4616685385492987,-9.325729795804026
16251.083064384968,1.8218992585094114,0.6691403574334032,2.3767169850003924,0.8413900266690768,-10.225380150402342
16471.85937142971,2.895866170864231,0.9513889318255511,3.450683897355212,1.1010589144625689,-11.564317458054571
16695.634997200425,3.1317056550876643,1.140819632768321,3.4340518287115103,1.2033978490791544,-11.162245007175143
16922.450688428187,1.6550660105457382,0.5852095073140726,1.8894469384161425,0.7407085277596961,-9.22845786621735
17152.347745401894,3.7946099842689236,1.2706137528474468,3.5769088158989675,1.336076216848592,-7.167685374067726
17385.368029488443,3.8702816806584224,1.5516676776879728,4.1000000000000085,1.6579697096086832,-7.586237574630533
17621.553970755085,2.424376624880807,0.8418017619375718,3.0559695589251277,0.9998839884041455,-6.817041097165958
17860.94857569554,1.9119109656546982,0.6633442241742882,2.475538653945577,0.8067471310871692,-4.920602589188439
18103.595435060834,3.501241988730726,1.2107941138552354,3.7356229166011303,1.4365639164752557,-3.680482833583798
18349.538731796754,5.664766065658839,1.8132817330024154,6.530739927573563,2.1461423043396257,-2.8018481320557838
18598.82324908895,4.457310286339762,1.5533444352571875,5.323284148254487,1.7287940353656879,-2.2911308542915862
18851.49437851728,4.22785293255788,1.4927938819954536,4.4622338604282845,1.573000939120441,-4.493016078264185
19107.598128321148,3.135114753849976,1.1241897952578395,3.2493135783485485,1.166019230703657,-5.905611695447936
19367.181131777135,4.763099399605608,1.5669034164365299,4.442662600985031,1.507197345726447,-6.596372582563302
19630.29065569006,4.318067246483771,1.393246718249898,4.552448174354176,1.4707975781570481,-8.715439679263525
19896.974608999986,3.9656190721295985,1.5873932119597014,4.200000000000003,1.5740393895960816,-9.80267610440205
